Model,Train_R2,Train_RMSE,Val_R2,Val_RMSE,Test_R2,Test_RMSE,Test_MAE,Test_MAPE,Train_Time
Random Forest,0.9472436725911051,0.9101397729580177,0.7659193347136546,1.95821935245354,0.753291084183694,1.92838109667464,1.5915131099475686,0.03426638470125143,0.5
Gradient Boosting,0.9276457009130031,1.0658669263382605,0.799800974548615,1.8109628704644856,0.7697934356671867,1.8627702569302023,1.5072264058867972,0.03228544045600452,0.46601200103759766
Support Vector Machine,0.9993662322901987,0.09975527497717426,0.7264319011845868,2.1169533743076654,0.7135132779550218,2.078034207222111,1.6992393171096414,0.03625793004132929,0.3500511646270752
Ridge Regression,0.8510522551315436,1.5292827227156283,0.8493293594432197,1.5710604073505936,0.8227990993806269,1.6343061147760258,1.314028951771802,0.028137055637314935,0.03690648078918457
